,United States,Japan,United Kingdom,Canada,France,Switzerland,Germany,Australia,Netherlands,Sweden,Hong Kong,Spain,Italy,Singapore,Denmark,Finland,Belgium,Norway,China,Taiwan,India,Korea,Brazil,Russia,South Africa,Mexico,Malaysia
1999-01-01,0.2,-0.5,-0.6,0.2,-0.4,0.2,-0.1,0.64,0.06,0.0,0.59,0.4,0.1,0.65,-0.1,-0.21,0.33,0.4,0.2,0.16,-2.1,-0.1,0.7,8.3,0.75,2.53,0.07
1999-02-01,0.0,-0.4,0.2,0.1,0.3,0.3,0.1,0.35,0.5,0.0,0.54,0.1,0.1,0.56,0.77,0.24,0.23,0.2,1.3,-0.03,-1.19,0.4,1.05,4.2,0.0,1.34,0.1
1999-03-01,0.1,0.1,0.5,0.4,0.4,0.1,0.0,0.35,0.87,0.4,0.59,0.4,0.3,0.59,0.48,0.24,0.07,0.7,-0.8,-0.47,-0.24,0.2,1.1,2.8,0.0,0.93,0.24
1999-04-01,0.7,0.5,0.4,0.5,0.3,0.2,0.5,0.49,0.22,0.2,0.58,0.4,0.3,0.6,0.28,0.73,0.41,0.3,-1.0,-0.15,0.24,0.3,0.56,3.0,0.21,0.92,0.38
1999-05-01,0.1,0.0,0.3,0.2,0.0,-0.2,0.0,0.14,0.03,0.2,0.28,0.0,0.1,0.24,0.19,0.25,0.16,-0.2,-1.3,0.18,0.96,-0.2,0.3,2.1,-0.11,0.6,0.1
1999-06-01,0.0,-0.3,-0.1,0.2,0.0,0.1,0.1,0.24,-0.38,0.2,0.15,0.0,0.0,0.21,0.28,-0.06,-0.2,0.1,-1.8,0.12,0.24,-0.6,0.19,2.0,0.53,0.66,0.15
1999-07-01,0.4,-0.4,-0.6,0.2,-0.3,0.0,0.5,0.25,-0.11,-0.4,0.39,0.4,0.4,0.41,-0.19,-0.17,0.16,-0.3,-0.9,-0.26,0.95,-0.3,1.09,2.8,0.11,0.66,0.12
1999-08-01,0.2,0.3,0.3,0.2,0.2,0.5,-0.1,0.11,0.55,0.0,0.32,0.4,0.0,0.34,0.52,0.07,-0.12,-0.3,1.0,0.77,0.47,1.0,0.56,1.2,-0.42,0.56,-0.0
1999-09-01,0.4,0.3,0.4,0.3,0.1,0.2,-0.2,0.4,0.46,0.7,0.48,0.2,0.3,0.42,0.47,0.33,0.23,0.9,2.0,0.08,0.7,0.3,0.31,1.5,0.21,0.97,0.2
1999-10-01,0.2,0.2,-0.1,0.1,0.1,0.0,-0.1,0.35,0.08,0.1,0.46,0.0,0.4,0.44,0.19,0.21,0.14,0.5,0.0,0.2,1.86,0.8,1.19,1.4,0.42,0.63,0.14
1999-11-01,0.2,-0.6,0.1,-0.1,0.0,-0.1,0.2,0.28,0.12,-0.3,0.45,0.2,0.1,0.39,0.19,-0.01,0.2,0.4,-0.6,-0.13,0.23,-0.2,0.95,1.2,0.21,0.89,0.1
1999-12-01,0.2,-0.3,0.3,0.1,0.5,0.3,0.4,0.4,-0.34,0.2,0.44,0.5,0.1,0.48,0.09,0.39,0.32,0.1,0.0,-0.03,-1.6,-0.2,0.6,1.2,0.21,1.0,0.22
2000-01-01,0.3,-0.3,-0.9,-0.2,-0.1,0.1,0.2,0.6,-0.2,-0.8,-0.12,0.3,0.1,-0.18,-0.14,0.02,0.17,0.5,0.9,-0.01,0.0,0.4,0.62,2.3,1.26,1.34,-0.34
2000-02-01,0.4,-0.3,0.3,0.6,0.1,0.4,0.1,0.25,0.61,0.5,0.3,0.1,0.4,0.28,0.61,0.74,0.39,0.5,1.9,1.1,-0.23,0.3,0.13,1.1,-0.42,0.89,0.59
2000-03-01,0.6,0.2,0.2,0.7,0.5,0.0,0.0,0.43,0.89,0.5,0.33,0.4,0.3,0.31,0.71,0.6,0.37,0.1,-1.6,-0.58,0.93,0.5,0.22,0.5,1.04,0.55,0.65
2000-04-01,-0.1,0.2,0.3,-0.3,0.0,0.1,0.0,0.42,0.16,0.0,0.2,0.4,0.1,0.19,0.1,0.24,0.19,0.4,-0.9,-0.07,0.92,-0.4,0.42,1.0,1.24,0.57,0.13
2000-05-01,0.2,0.1,0.3,0.4,0.2,0.0,-0.1,0.25,0.32,0.5,0.12,0.2,0.4,0.2,0.4,0.3,0.29,0.0,-1.0,0.36,0.46,-0.5,0.01,1.8,0.61,0.37,0.24
2000-06-01,0.6,-0.2,0.1,0.6,0.3,0.4,0.5,0.26,-0.11,0.0,0.42,0.3,0.2,0.28,0.3,0.24,0.37,0.6,-1.5,-0.1,0.45,0.5,0.23,2.6,0.61,0.59,0.38
2000-07-01,0.3,-0.3,-0.5,0.3,-0.2,0.1,0.5,-0.1,-0.25,-0.5,0.42,0.6,0.1,0.31,-0.4,-0.32,0.2,-0.3,-0.8,-0.19,0.68,0.4,1.61,1.8,0.81,0.39,0.25
2000-08-01,0.0,0.3,0.0,-0.1,0.2,-0.3,-0.2,0.23,0.44,0.1,0.48,0.4,0.1,0.46,-0.1,0.4,-0.03,-0.1,1.0,0.0,-0.45,0.5,1.31,1.0,0.4,0.55,0.44
2000-09-01,0.5,-0.1,0.8,0.4,0.5,0.5,0.2,0.51,1.21,0.7,0.55,0.3,0.1,0.69,0.7,0.85,0.69,0.9,1.6,0.72,0.23,1.3,0.23,1.3,0.4,0.73,0.61
2000-10-01,0.2,0.0,0.0,0.2,-0.1,-0.1,-0.1,0.14,0.17,0.2,0.22,0.3,0.4,0.24,0.2,0.09,-0.25,0.1,-0.1,-0.02,1.13,-0.1,0.14,2.1,0.4,0.69,0.28
2000-11-01,0.2,-0.3,0.2,0.3,0.2,0.5,0.1,0.31,-0.01,0.0,0.27,0.2,0.2,0.31,0.1,-0.03,0.33,0.5,0.7,0.14,0.22,-0.6,0.32,1.5,0.2,0.86,0.31
2000-12-01,0.2,0.1,0.0,0.1,0.0,-0.1,0.8,0.24,-0.59,-0.1,0.14,0.3,0.1,0.2,-0.1,-0.15,-0.26,-0.1,0.1,0.06,-0.89,0.4,0.59,1.6,0.2,1.08,0.18
2001-01-01,0.6,0.0,-0.9,-0.4,-0.5,-0.1,-0.3,0.21,0.86,-0.3,0.46,0.0,0.5,0.34,-0.2,-0.07,-0.1,0.8,0.9,-0.36,-0.22,1.1,0.57,2.8,1.38,0.55,0.32
2001-02-01,0.2,-0.3,0.3,0.5,0.2,-0.1,0.6,0.43,0.88,0.3,0.23,0.3,0.4,0.35,0.78,0.61,0.43,0.7,0.1,-0.3,-0.45,0.5,0.46,2.3,0.19,-0.07,0.08
2001-03-01,0.1,-0.2,0.3,0.3,0.5,0.2,0.0,0.36,0.94,0.8,0.39,0.4,0.0,0.29,0.52,0.54,0.22,0.2,-0.6,-0.01,0.45,0.9,0.38,1.8,0.58,0.63,0.16
2001-04-01,0.2,0.2,0.6,0.7,0.5,0.3,0.5,0.55,0.55,0.9,0.47,0.5,0.5,0.44,0.39,0.46,0.87,0.5,0.2,-0.34,0.67,0.4,0.58,1.8,0.58,0.5,0.23
2001-05-01,0.5,0.1,0.8,0.8,0.7,0.5,0.3,0.5,0.33,0.7,0.39,0.4,0.2,0.3,0.51,0.66,0.62,0.5,-0.5,-0.07,0.67,-0.1,0.41,1.8,0.38,0.23,0.17
2001-06-01,0.2,-0.3,0.2,0.1,0.0,0.2,0.1,0.06,-0.38,-0.1,0.0,0.3,0.2,0.04,-0.13,-0.01,0.18,0.1,-1.2,-0.17,1.33,0.3,0.52,1.7,0.38,0.24,-0.25
2001-07-01,-0.2,-0.3,-0.8,-0.3,-0.2,-0.2,0.1,-0.11,-0.14,-0.5,-0.24,0.2,0.1,-0.14,-0.26,-0.75,-0.08,-1.4,-0.5,0.31,1.31,0.2,1.33,0.4,-0.09,-0.26,0.08
2001-08-01,0.0,0.4,0.4,0.0,0.0,-0.6,-0.2,-0.12,0.37,0.3,0.18,0.2,0.0,0.18,0.0,0.31,-0.01,-0.1,0.1,0.04,0.65,0.4,0.7,0.0,-0.19,0.59,0.17
2001-09-01,0.4,-0.2,0.3,0.2,0.2,0.1,0.0,0.32,1.23,0.9,0.08,0.0,0.0,0.45,0.38,0.72,0.3,0.6,0.9,0.31,-0.21,-0.1,0.28,0.6,0.19,0.93,0.2
2001-10-01,-0.3,0.0,-0.2,-0.5,0.1,-0.2,-0.1,-0.06,-0.1,-0.3,-0.12,-0.1,0.1,0.01,0.13,-0.22,-0.17,-0.1,0.3,0.47,0.65,0.0,0.83,1.0,-0.09,0.45,0.41
2001-11-01,-0.1,-0.5,-0.2,-0.9,-0.3,0.1,-0.2,-0.05,-0.13,0.0,-0.32,-0.1,0.2,-0.35,-0.25,-0.45,0.12,0.1,-0.2,-0.33,0.85,-0.6,0.71,1.4,0.47,0.38,0.06
2001-12-01,-0.1,-0.1,0.3,0.2,0.1,0.0,0.9,0.3,-0.3,0.1,0.24,0.4,0.0,-0.18,0.26,-0.04,-0.2,0.2,0.1,-0.98,-0.64,0.2,0.65,1.7,0.38,0.14,-0.12
2002-01-01,0.2,-0.2,-0.3,0.2,0.3,0.1,0.1,0.78,0.72,-0.3,0.08,-0.1,0.5,0.12,0.13,0.42,0.6,0.1,0.3,0.81,-0.43,0.6,0.52,3.1,1.88,0.92,0.26
2002-02-01,0.2,-0.5,0.1,0.6,0.2,0.0,0.3,0.38,0.54,0.2,0.12,0.1,0.4,0.12,0.76,0.16,0.15,0.3,1.1,0.07,-0.21,0.5,0.36,1.1,0.92,-0.06,0.1
2002-03-01,0.3,0.2,0.4,0.7,0.4,0.0,0.2,0.53,0.89,0.9,0.34,0.8,0.2,0.37,0.63,0.53,0.27,0.4,-1.3,-0.37,0.43,0.6,0.6,1.1,1.1,0.51,0.23
2002-04-01,0.4,0.3,0.4,0.6,0.4,0.9,-0.1,0.29,0.47,0.4,0.34,1.4,0.2,0.45,0.38,0.41,0.03,0.0,-0.3,0.06,0.21,0.6,0.8,1.1,1.45,0.55,0.33
2002-05-01,0.1,0.3,0.2,0.2,0.2,0.1,0.1,0.25,0.02,0.3,0.22,0.4,0.2,0.13,0.0,0.22,0.15,0.3,-0.3,-0.35,0.64,0.4,0.21,1.7,0.71,0.2,0.29
2002-06-01,0.1,-0.1,0.0,0.2,-0.1,-0.1,0.0,0.27,-0.33,-0.1,-0.02,0.0,0.1,0.07,0.0,-0.21,-0.28,0.1,-0.9,-0.03,0.85,-0.1,0.42,0.5,0.71,0.49,0.27
2002-07-01,0.2,-0.4,-0.3,0.6,0.0,-0.5,0.1,0.16,-0.14,-0.3,0.11,-0.7,0.2,0.09,-0.25,-0.18,0.33,-0.2,-0.7,0.26,1.05,-0.3,1.19,0.7,1.58,0.29,0.23
2002-08-01,0.3,0.3,0.3,0.4,0.3,0.0,-0.1,0.26,0.34,0.0,0.28,0.3,0.1,0.36,0.13,0.0,-0.03,-0.3,0.3,0.1,0.62,0.7,0.65,0.1,0.35,0.38,0.32
2002-09-01,0.2,0.0,0.3,0.0,0.2,0.2,0.0,0.2,1.09,0.8,0.23,0.4,0.1,0.23,0.5,0.36,0.28,0.5,1.0,-0.23,0.21,0.6,0.72,0.4,1.21,0.6,0.38
2002-10-01,0.2,-0.2,0.2,0.3,0.2,0.6,-0.1,0.21,-0.24,0.3,0.03,1.0,0.4,-0.08,0.25,0.26,-0.13,0.4,0.2,0.0,0.41,-0.3,1.31,1.1,1.37,0.44,-0.08
2002-11-01,0.2,0.0,0.0,0.3,0.0,-0.2,-0.3,0.2,-0.29,-0.3,0.25,0.2,0.2,0.03,0.0,-0.31,-0.08,0.4,-0.1,0.13,0.41,0.1,3.02,1.7,0.51,0.81,-0.01
2002-12-01,0.2,0.0,0.4,-0.4,0.1,-0.1,0.9,0.17,-0.34,0.1,0.18,0.3,0.1,0.27,0.0,-0.01,0.05,0.8,0.3,-0.25,-1.02,0.5,2.1,1.5,0.12,0.44,0.22
2003-01-01,0.4,-0.3,-0.6,0.9,0.0,0.1,0.0,0.34,0.35,0.3,0.36,-0.4,0.5,0.28,0.12,0.12,0.44,2.3,1.1,0.69,-0.21,0.6,2.25,2.4,0.81,0.4,0.24
2003-02-01,0.5,-0.3,0.4,0.8,0.8,0.1,0.6,0.38,0.62,0.9,0.28,0.2,0.1,0.16,0.99,0.66,0.69,0.1,0.9,-0.48,0.21,0.5,1.57,1.6,-0.17,0.28,0.48
2003-03-01,0.2,0.3,0.4,0.3,0.4,0.4,0.1,0.31,0.95,0.5,0.44,0.7,0.3,0.44,0.74,0.28,0.29,-0.7,-0.6,0.38,0.62,1.2,1.23,1.0,1.16,0.63,0.6
2003-04-01,-0.4,0.3,0.3,-0.7,-0.1,0.2,-0.3,-0.26,0.1,-0.4,-0.03,0.8,0.2,-0.12,-0.12,-0.12,-0.25,-0.8,-0.2,-0.02,1.23,-0.2,0.97,1.0,0.16,0.17,-0.06
2003-05-01,-0.2,0.2,0.0,0.1,-0.2,-0.2,-0.2,-0.08,-0.07,-0.1,-0.23,-0.1,0.2,-0.21,-0.12,-0.12,-0.29,-0.5,-0.7,-0.65,0.2,-0.2,0.61,0.8,-0.16,-0.32,-0.31
2003-06-01,0.1,-0.3,-0.2,0.0,0.2,0.0,0.3,0.14,-0.46,-0.3,-0.08,0.1,0.1,-0.08,0.0,-0.11,0.29,-0.3,-1.2,-0.18,0.61,-0.3,-0.15,0.8,-0.33,0.08,-0.4
2003-07-01,0.3,-0.2,-0.1,0.1,-0.1,-0.8,0.2,0.13,0.09,-0.3,0.08,-0.6,0.1,0.01,-0.61,-0.52,0.2,-0.4,-0.5,-0.13,0.8,-0.1,0.2,0.7,-0.51,0.14,-0.05
2003-08-01,0.4,0.2,0.4,0.3,0.3,0.2,0.0,0.24,0.32,0.0,0.22,0.5,0.3,0.22,0.0,0.13,0.26,0.3,0.7,0.0,-0.4,0.5,0.34,-0.4,0.22,0.3,0.26
2003-09-01,0.3,0.1,0.3,0.2,0.4,0.1,-0.1,0.14,0.98,0.7,0.22,0.3,0.1,0.22,0.62,0.41,0.3,0.5,1.2,-0.1,0.0,0.9,0.78,0.3,-0.33,0.6,0.62
2003-10-01,-0.1,0.0,0.1,-0.3,0.1,0.5,0.0,0.08,-0.28,0.1,0.07,0.7,0.1,0.07,-0.24,-0.1,-0.32,-0.1,0.9,0.37,0.8,0.1,0.29,1.0,-0.66,0.37,0.22
2003-11-01,0.1,-0.5,0.0,0.3,-0.2,-0.1,-0.2,0.06,-0.25,-0.2,-0.11,0.3,0.2,-0.11,0.25,-0.1,0.17,0.2,1.0,0.24,0.2,-0.2,0.34,1.0,-0.66,0.83,0.12
2003-12-01,0.3,0.1,0.3,0.1,0.1,0.0,0.8,0.26,-0.64,0.1,0.37,0.2,0.1,0.37,-0.24,0.09,-0.06,0.0,0.6,0.26,-0.4,0.4,0.52,1.1,-0.09,0.43,0.18
2004-01-01,0.4,-0.2,-0.5,0.1,-0.2,-0.3,0.0,-0.14,0.01,-0.2,0.22,-0.7,0.1,0.22,0.0,-0.28,0.3,-0.2,1.1,0.3,0.4,0.6,0.76,1.7,0.44,0.62,0.22
2004-02-01,0.2,0.0,0.2,0.2,0.5,0.0,0.2,0.22,0.45,-0.3,0.32,0.0,0.2,0.32,0.74,0.56,0.37,0.2,-0.2,0.81,0.0,0.4,0.61,1.0,0.31,0.6,0.32
2004-03-01,0.2,0.2,0.2,0.4,0.4,0.2,0.3,0.42,0.87,0.8,0.37,0.7,0.3,0.35,0.36,-0.34,0.15,0.4,0.3,0.03,0.0,1.0,0.47,0.75,0.66,0.34,0.48
2004-04-01,0.2,0.0,0.4,0.2,0.3,0.8,0.3,0.48,0.32,0.0,0.13,1.4,0.2,0.22,0.12,0.02,0.53,0.2,0.5,0.13,0.0,0.0,0.37,1.0,0.16,0.15,0.23
2004-05-01,0.4,0.1,0.4,0.9,0.4,0.2,0.2,0.46,0.17,0.3,-0.02,0.6,0.2,0.15,0.36,0.14,0.39,0.1,-0.1,-0.39,0.79,-0.1,0.51,0.7,0.01,-0.25,0.13
2004-06-01,0.4,0.2,0.0,0.1,0.1,0.2,0.0,0.11,-0.64,-0.4,0.01,0.2,0.2,0.01,-0.24,-0.07,-0.05,0.0,-0.7,0.13,0.79,0.0,0.71,0.7,0.09,0.16,0.29
2004-07-01,0.1,-0.3,-0.3,-0.1,-0.2,-1.0,0.2,-0.24,-0.14,-0.1,0.11,-0.8,0.0,0.08,-0.36,-0.14,0.34,-0.1,-0.2,0.33,0.98,0.6,0.91,1.0,0.33,0.26,0.09
2004-08-01,0.1,0.1,0.3,-0.2,0.2,0.4,0.1,0.16,0.34,-0.1,0.47,0.4,0.3,0.28,-0.24,0.26,0.12,-0.3,0.7,0.54,0.97,0.9,0.69,0.4,-0.2,0.62,0.48
2004-09-01,0.3,0.3,0.1,0.2,0.1,0.0,-0.2,0.08,0.87,0.7,0.13,0.2,0.0,0.18,0.61,0.39,0.06,0.6,1.1,0.26,0.19,0.0,0.33,0.4,0.02,0.83,0.25
2004-10-01,0.5,0.5,0.3,0.2,0.3,0.9,0.1,0.38,0.04,0.3,0.22,1.0,0.0,0.28,0.36,0.32,0.49,0.3,0.0,0.01,0.57,0.0,0.44,1.1,0.28,0.69,0.34
2004-11-01,0.5,-0.2,0.2,0.4,0.1,0.1,-0.2,0.16,-0.3,-0.6,-0.3,0.3,0.08,-0.08,-0.24,-0.44,-0.12,0.0,-0.3,-1.01,-0.19,-0.6,0.69,1.2,0.49,0.85,-0.09
2004-12-01,0.0,-0.5,0.5,-0.2,0.1,-0.2,1.1,0.16,-0.87,0.0,0.18,-0.1,0.2,0.18,-0.24,0.01,-0.33,-0.2,0.1,0.35,-0.76,0.2,0.86,1.1,-0.16,0.21,0.05
2005-01-01,-0.1,-0.5,-0.5,-0.1,-0.5,-0.5,-0.8,-0.54,0.4,-0.5,0.06,-0.8,0.0,-0.24,-0.24,-0.51,0.28,-0.2,0.6,-0.04,0.96,1.0,0.58,2.6,0.32,0.0,0.07
2005-02-01,0.4,-0.3,0.3,0.4,0.6,0.2,0.4,0.29,0.62,0.5,0.31,0.3,0.3,0.24,0.97,0.71,0.67,0.1,1.8,0.73,-0.19,0.4,0.59,1.3,0.16,0.33,0.31
2005-03-01,0.4,0.3,0.4,0.6,0.6,0.2,0.4,0.47,0.93,0.2,0.15,0.8,0.3,0.49,0.6,0.3,0.65,0.4,-0.9,0.35,0.0,0.6,0.61,1.3,0.96,0.45,0.42
2005-04-01,0.3,0.1,0.4,0.3,0.2,0.8,-0.2,0.28,0.18,0.1,0.01,1.4,0.2,0.13,0.48,0.1,0.23,0.5,-0.3,0.35,0.76,0.1,0.87,1.1,0.48,0.36,0.13
2005-05-01,-0.1,0.1,0.3,0.1,0.1,-0.1,0.2,0.17,-0.06,0.0,0.02,0.2,0.2,0.06,0.0,-0.3,0.14,0.3,-0.2,-0.02,-0.38,-0.1,0.49,0.8,-0.24,-0.25,0.02
2005-06-01,0.1,-0.4,0.1,0.2,0.1,-0.2,0.1,0.06,-0.33,0.0,-0.02,0.2,0.0,-0.06,0.12,0.1,0.31,0.1,-0.8,0.41,0.38,-0.3,-0.02,0.7,-0.21,-0.1,-0.02
2005-07-01,0.6,-0.1,0.1,0.2,-0.2,-0.5,0.4,0.24,-0.15,-0.4,0.47,-0.6,0.39,0.14,-0.12,-0.4,0.59,-0.3,0.0,1.04,1.7,0.4,0.25,0.4,0.95,0.39,0.47
2005-08-01,0.6,0.1,0.3,0.4,0.5,0.1,0.1,0.18,0.46,0.2,0.21,0.4,0.1,0.3,0.0,0.4,0.09,0.2,0.2,-0.07,0.37,0.3,0.17,-0.1,0.31,0.12,0.18
2005-09-01,1.4,0.3,0.1,0.8,0.4,0.4,0.1,0.36,0.91,0.7,0.46,0.6,0.0,0.46,0.71,0.5,0.12,0.8,0.7,-0.02,0.37,0.5,0.35,0.2,0.47,0.4,0.36
2005-10-01,0.2,0.0,0.2,-0.5,0.0,0.9,0.1,0.04,-0.08,0.2,-0.13,0.8,0.3,-0.15,0.0,-0.1,-0.19,0.0,0.4,-0.89,1.11,-0.2,0.75,0.5,0.12,0.25,-0.21
2005-11-01,-0.5,-0.4,0.0,-0.2,-0.2,-0.3,-0.3,-0.24,-0.26,-0.2,-0.31,0.2,0.0,-0.17,-0.35,-0.2,-0.02,0.0,-0.3,0.04,0.91,-0.4,0.55,0.7,-0.02,0.72,-0.25
2005-12-01,0.0,0.1,0.3,-0.1,0.1,-0.1,0.8,0.11,-0.54,0.0,0.19,0.2,0.0,0.31,0.12,0.0,-0.01,-0.1,0.4,0.17,-0.54,0.3,0.36,0.8,0.1,0.61,0.31
2006-01-01,0.6,0.1,-0.5,0.6,-0.1,-0.2,-0.3,-0.23,-0.35,-0.8,0.42,-0.4,0.2,0.04,-0.36,-0.3,0.01,-0.3,1.3,0.2,-0.18,0.6,0.59,2.5,0.38,0.59,0.04
2006-02-01,0.1,-0.3,0.3,-0.2,0.4,0.3,0.4,0.24,0.39,0.5,0.11,0.0,0.3,0.19,0.95,0.8,0.44,0.9,0.5,0.13,0.0,0.2,0.41,1.7,0.15,0.15,0.09
2006-03-01,0.2,0.2,0.2,0.6,0.3,-0.1,0.0,0.28,0.79,0.7,0.28,0.7,0.2,0.29,0.35,0.3,-0.04,0.3,-0.9,-0.04,0.0,0.6,0.43,0.8,0.46,0.13,0.33
2006-04-01,0.5,0.2,0.6,0.6,0.4,0.8,0.3,0.46,0.46,0.5,0.18,1.4,0.3,0.22,0.47,0.5,0.48,0.9,0.2,-0.1,0.84,0.1,0.21,0.4,0.62,0.15,0.2
2006-05-01,0.3,0.3,0.5,0.5,0.4,0.2,0.0,0.35,0.09,0.2,0.38,0.4,0.2,0.42,0.12,0.1,0.38,0.0,-0.1,0.98,0.83,0.2,0.1,0.5,0.46,-0.45,0.4
2006-06-01,0.2,0.0,0.3,-0.2,0.0,0.0,0.2,0.06,-0.36,0.0,-0.05,0.2,0.1,0.11,0.23,0.1,-0.01,-0.2,-0.5,-0.03,1.65,-0.2,-0.21,0.3,0.76,0.09,-0.07
2006-07-01,0.5,-0.3,-0.1,0.1,-0.2,-0.7,0.4,-0.3,-0.19,-0.2,0.16,-0.6,0.3,0.19,-0.23,-0.2,0.34,-0.3,-0.3,0.01,0.81,0.4,0.19,0.6,1.06,0.27,0.04
2006-08-01,0.4,0.7,0.4,0.2,0.3,0.2,-0.2,0.24,0.53,0.1,0.27,0.2,0.1,0.39,0.0,0.39,0.13,-0.1,0.3,-0.42,0.0,0.6,0.05,0.2,0.75,0.51,0.39
2006-09-01,-0.5,0.0,0.1,-0.5,-0.2,-0.2,-0.3,-0.0,0.38,0.6,0.14,-0.2,0.0,0.14,0.35,0.1,-0.29,1.4,0.5,-0.13,0.81,0.3,0.21,0.1,0.3,1.01,0.28
2006-10-01,-0.4,-0.2,0.2,-0.2,-0.2,0.3,0.1,0.14,-0.25,0.0,-0.27,0.4,-0.1,-0.17,-0.12,0.29,-0.2,0.1,0.1,-0.71,1.6,-0.5,0.33,0.3,0.15,0.44,-0.13
2006-11-01,0.0,-0.5,0.3,0.2,0.1,0.0,0.0,0.07,-0.16,0.1,0.01,0.2,0.1,-0.02,-0.12,0.0,0.25,-0.1,0.3,0.52,0.0,-0.5,0.31,0.6,-0.15,0.52,0.07
2006-12-01,0.5,0.1,0.6,0.2,0.2,0.0,0.7,0.24,-0.36,0.0,0.41,0.3,0.0,0.35,0.12,0.1,0.14,-0.4,1.4,0.58,0.0,0.3,0.48,0.8,0.59,0.58,0.41
2007-01-01,0.2,-0.2,-0.8,0.0,-0.4,-0.7,0.0,-0.58,0.12,-0.5,0.25,-0.7,0.1,0.13,-0.35,-0.2,0.05,-1.3,0.7,0.55,0.0,0.2,0.44,1.7,0.74,0.52,0.21
2007-02-01,0.4,-0.5,0.4,0.7,0.2,0.2,0.4,0.19,0.45,0.5,0.38,0.1,0.3,0.2,1.05,0.68,0.54,0.4,1.0,0.07,0.79,0.7,0.44,1.1,-0.15,0.28,0.31
2007-03-01,0.5,0.3,0.5,0.8,0.4,0.1,0.2,0.48,1.09,0.7,0.38,0.8,0.1,0.41,0.46,0.68,0.01,0.6,-0.3,-0.24,-0.78,0.6,0.37,0.6,0.88,0.22,0.43
2007-04-01,0.3,0.3,0.3,0.5,0.5,1.1,0.5,0.63,0.48,0.5,0.44,1.4,0.2,0.58,0.11,0.48,0.45,0.0,-0.1,0.16,0.79,0.4,0.25,0.6,1.3,-0.06,0.55
2007-05-01,0.4,0.3,0.3,0.4,0.3,0.2,0.0,0.19,0.07,-0.1,0.14,0.3,0.3,0.18,0.23,-0.1,-0.12,0.1,0.3,-0.16,0.78,0.1,0.28,0.6,0.57,-0.49,0.14
2007-06-01,0.2,-0.2,0.2,-0.2,0.1,0.1,0.0,0.23,-0.41,0.2,0.05,0.2,0.2,0.1,-0.11,0.19,-0.01,-0.1,0.4,0.25,0.78,0.0,0.28,0.9,0.85,0.12,0.17
2007-07-01,0.2,-0.1,-0.6,0.1,-0.3,-0.6,0.5,0.0,-0.47,-0.2,0.32,-0.7,0.2,0.03,-0.46,-0.1,0.43,-0.3,0.9,0.46,1.54,0.4,0.24,0.9,0.99,0.42,-0.02
2007-08-01,0.0,0.5,0.4,-0.3,0.3,-0.1,-0.1,0.31,0.17,0.0,0.35,0.1,0.1,0.28,-0.23,0.1,-0.13,-0.1,1.2,0.83,0.76,0.1,0.47,0.1,0.42,0.41,0.3
2007-09-01,0.4,0.0,0.1,0.2,0.1,0.1,0.2,0.46,0.59,1.0,0.46,0.3,0.0,0.31,0.69,0.48,0.09,0.7,0.3,0.29,0.0,0.6,0.18,0.8,0.83,0.78,0.46
2007-10-01,0.3,0.3,0.5,-0.3,0.3,0.9,0.2,0.38,0.05,0.5,0.42,1.3,0.3,0.42,0.34,0.29,0.53,0.3,0.3,0.46,0.75,0.2,0.3,1.7,0.83,0.39,0.42
2007-11-01,0.8,-0.2,0.3,0.3,0.6,0.5,0.5,0.25,0.15,0.6,0.34,0.7,0.4,0.34,0.57,0.29,0.94,1.6,0.7,0.12,0.0,0.0,0.38,1.2,0.41,0.71,0.41
2007-12-01,0.3,0.2,0.6,0.1,0.4,0.2,0.6,0.43,-0.42,0.2,0.42,0.4,0.3,0.46,0.0,-0.19,0.27,0.8,1.0,0.26,0.0,0.4,0.74,1.1,0.82,0.41,0.3
2008-01-01,0.3,-0.2,-0.7,-0.2,-0.1,-0.3,-0.31,0.4,0.27,-0.8,0.27,-0.6,0.45,0.03,0.23,1.05,0.41,-0.4,1.2,-0.47,0.0,0.5,0.54,2.3,1.76,0.46,0.71
2008-02-01,0.0,-0.2,0.7,0.4,0.2,0.1,0.5,0.49,0.67,0.4,0.35,0.2,0.3,0.43,1.25,0.47,0.72,0.5,2.6,0.54,0.75,0.4,0.49,1.2,0.66,0.3,0.37
2008-03-01,0.3,0.5,0.4,0.4,0.8,0.3,0.5,0.81,0.99,0.9,0.77,0.9,0.5,0.47,0.45,0.84,0.73,0.1,-0.7,0.25,1.48,0.9,0.48,1.2,1.45,0.72,0.77
2008-04-01,0.2,-0.1,0.8,0.8,0.4,0.8,-0.2,0.37,0.37,0.5,0.42,1.1,0.1,0.48,0.33,0.19,0.23,-0.1,0.1,0.46,0.73,0.6,0.55,1.4,0.52,0.23,0.42
2008-05-01,0.6,0.8,0.6,1.0,0.5,0.8,0.6,0.69,0.36,0.4,0.57,0.7,0.5,0.54,0.33,0.56,0.9,0.1,-0.4,-0.07,0.72,0.8,0.79,1.3,0.78,-0.11,0.57
2008-06-01,1.1,0.5,0.7,0.7,0.4,0.2,0.3,0.69,-0.18,0.5,0.85,0.6,0.4,0.85,0.22,0.37,0.55,0.2,-0.2,1.41,0.72,0.6,0.74,1.0,1.41,0.41,0.63
2008-07-01,0.8,0.2,0.0,0.3,-0.2,-0.4,0.6,0.58,0.16,-0.1,0.77,-0.5,0.5,0.58,-0.22,-0.18,0.52,0.7,0.1,0.29,2.14,0.7,0.53,0.5,1.27,0.56,0.77
2008-08-01,-0.1,0.3,0.6,0.2,0.0,-0.3,-0.3,-0.08,0.19,0.0,0.11,-0.2,0.1,0.11,0.11,0.46,-0.61,0.1,-0.1,-0.33,1.4,-0.2,0.28,0.3,0.62,0.58,0.05
2008-09-01,0.0,0.0,0.5,0.1,-0.1,0.1,-0.1,-0.05,0.43,1.0,0.06,0.0,-0.3,0.06,0.44,0.46,0.16,1.5,0.0,-0.36,0.69,0.1,0.26,0.8,0.62,0.68,0.24
2008-10-01,-1.0,-0.1,-0.2,-1.0,-0.1,0.5,-0.2,-0.3,-0.23,0.2,-0.24,0.3,0.0,-0.27,-0.11,0.0,-0.19,0.4,-0.3,0.05,1.37,-0.1,0.45,0.9,0.12,0.68,-0.25
2008-11-01,-1.7,-0.9,-0.1,-0.3,-0.5,-0.7,-0.5,-0.67,-0.37,-0.8,-0.66,-0.4,-0.4,-0.66,-0.33,-0.46,-0.59,-0.6,-0.8,-0.31,0.0,-0.3,0.36,0.8,0.12,1.14,-0.64
2008-12-01,-0.7,-0.4,-0.4,-0.7,-0.2,-0.5,0.3,-0.44,-0.72,-1.3,-0.34,-0.5,-0.1,-0.48,-0.33,-0.37,-0.22,-0.2,-0.2,-0.92,-0.68,0.0,0.28,0.7,-0.12,0.69,-0.42
2009-01-01,0.3,-0.6,-0.7,-0.3,-0.4,-0.8,-0.5,-0.23,0.26,-0.4,-0.19,-1.2,-0.1,-0.25,-0.33,-0.18,0.1,-0.3,0.9,-0.33,0.68,0.1,0.48,2.4,0.37,0.23,-0.09
2009-02-01,0.4,-0.3,0.9,0.7,0.4,0.2,0.6,0.34,0.71,0.0,0.24,0.0,0.2,0.38,1.22,0.09,0.34,0.8,0.0,0.0,0.0,0.7,0.55,1.6,1.11,0.22,0.34
2009-03-01,-0.1,0.3,0.2,0.2,0.2,-0.3,-0.1,0.3,1.0,0.3,0.24,0.2,0.1,0.47,0.33,0.0,-0.57,0.1,-0.3,0.11,0.0,0.7,0.2,1.3,1.34,0.58,0.22
2009-04-01,0.0,0.1,0.2,-0.1,0.2,0.9,0.0,0.32,0.22,0.2,0.17,1.0,0.3,0.17,-0.11,0.0,0.21,0.2,-0.2,0.27,1.35,0.3,0.48,0.7,0.48,0.35,0.21
2009-05-01,0.1,-0.2,0.6,0.7,0.2,0.2,-0.1,0.21,0.13,0.1,0.14,0.0,0.2,0.1,0.33,-0.18,-0.08,0.2,-0.3,-0.02,0.67,0.0,0.47,0.6,0.36,-0.29,0.1
2009-06-01,0.7,-0.2,0.3,0.3,0.1,0.2,0.4,0.23,-0.35,0.2,0.15,0.4,0.1,0.15,0.22,0.28,-0.19,0.6,-0.5,0.07,1.32,-0.1,0.36,0.6,0.48,0.18,0.17
2009-07-01,0.0,-0.3,0.0,-0.3,-0.4,-0.7,0.0,-0.47,-1.06,-0.5,0.0,-0.9,0.0,0.06,-0.44,-0.64,-0.07,-0.6,0.0,-0.1,4.58,0.4,0.24,0.6,1.07,0.27,-0.02
2009-08-01,0.4,0.3,0.4,0.0,0.5,0.1,0.2,0.38,0.28,0.2,0.43,0.3,0.4,0.41,0.22,0.28,0.31,-0.2,0.5,0.67,1.25,0.4,0.15,0.0,0.23,0.24,0.47
2009-09-01,0.2,0.0,0.0,0.0,-0.2,0.0,-0.4,0.07,0.53,0.3,0.1,-0.2,-0.2,0.02,0.22,0.18,-0.26,0.8,0.4,0.19,0.62,0.1,0.24,0.0,0.47,0.5,0.02
2009-10-01,0.3,-0.4,0.2,-0.1,0.1,0.6,0.1,0.26,0.09,0.3,0.04,0.7,0.1,-0.02,0.0,-0.55,0.04,-0.2,-0.1,-0.2,1.23,-0.3,0.28,0.0,0.0,0.3,0.29
2009-11-01,0.4,-0.2,0.3,0.5,0.1,0.2,-0.1,0.16,-0.1,0.0,0.3,0.5,0.1,0.3,0.0,0.09,0.26,0.3,0.3,-0.22,1.82,0.2,0.41,0.3,0.0,0.52,0.26
2009-12-01,0.1,-0.2,0.6,-0.3,0.3,-0.2,0.8,0.12,-0.58,0.2,0.36,0.0,0.2,0.36,-0.22,0.09,0.16,0.2,1.0,-0.12,0.6,0.4,0.37,0.4,0.23,0.41,0.27
2010-01-01,0.2,-0.2,-0.2,0.3,-0.2,-0.1,-0.6,-0.33,-0.03,-0.6,0.34,-1.0,0.1,0.0,0.22,0.18,0.45,0.2,0.6,1.27,1.78,0.8,0.75,1.6,0.23,1.09,0.05
2010-02-01,0.0,0.0,0.4,0.4,0.6,0.1,0.4,0.42,0.71,0.6,0.47,-0.2,0.1,0.28,1.2,0.32,0.43,1.3,1.2,0.48,-1.16,0.2,0.78,0.8,0.69,0.58,0.4
2010-03-01,0.1,0.3,0.6,0.0,0.5,0.1,0.5,0.52,1.19,0.2,0.4,0.7,0.3,0.42,0.65,0.58,0.37,0.5,-0.7,0.1,0.0,0.2,0.52,0.7,0.8,0.71,0.26
2010-04-01,-0.1,0.0,0.6,0.3,0.3,0.9,-0.1,0.17,0.34,0.0,0.07,1.1,0.4,0.04,0.11,0.33,0.35,0.2,0.2,-0.4,0.0,0.4,0.57,0.3,0.11,-0.32,0.19
2010-05-01,-0.2,-0.1,0.2,0.3,0.1,-0.1,0.1,0.01,-0.04,0.2,-0.04,0.2,0.1,0.11,0.0,-0.13,0.4,-0.5,-0.1,-0.44,1.18,0.1,0.43,0.5,0.23,-0.63,-0.04
2010-06-01,-0.1,-0.2,0.1,-0.1,0.0,-0.4,0.1,-0.14,-0.48,0.0,-0.03,0.2,0.0,-0.02,-0.11,0.1,-0.01,-0.1,-0.6,0.69,1.16,-0.1,0.0,0.4,0.0,-0.03,-0.02
2010-07-01,0.3,-0.6,-0.2,0.5,-0.3,-0.7,0.3,0.12,-0.28,-0.3,0.1,-0.4,0.4,0.14,-0.11,-0.68,0.04,-0.5,0.4,0.22,2.3,0.2,0.01,0.4,0.68,0.22,0.1
2010-08-01,0.3,0.1,0.5,-0.1,0.2,0.0,0.0,0.21,0.15,0.0,0.26,0.3,0.2,0.16,0.43,0.5,0.06,-0.2,0.6,-0.18,0.0,0.5,0.04,0.6,0.0,0.28,0.23
2010-09-01,0.1,0.2,0.0,0.2,-0.1,0.0,-0.1,0.3,0.62,0.8,0.22,0.1,-0.2,0.11,0.32,0.55,0.31,0.6,0.6,-0.17,0.56,0.8,0.45,0.8,0.11,0.52,0.26
2010-10-01,0.2,0.3,0.3,0.4,0.1,0.5,0.1,0.26,0.09,0.3,0.33,0.9,0.2,0.17,-0.11,0.4,0.14,0.1,0.7,-0.05,1.12,0.0,0.75,0.5,0.23,0.62,0.14
2010-11-01,0.1,-0.3,0.4,0.1,0.1,0.2,0.1,0.27,-0.12,0.3,0.33,0.5,0.0,0.26,0.11,0.25,0.13,0.2,1.1,0.51,0.55,-0.5,0.83,0.8,0.11,0.8,-0.02
2010-12-01,0.5,-0.3,1.0,0.0,0.5,0.0,1.0,0.41,-0.22,0.7,0.41,0.6,0.4,0.25,0.11,0.42,0.4,1.1,0.5,-0.15,1.65,0.4,0.63,1.0,0.22,0.5,0.24
2011-01-01,0.4,-0.1,0.1,0.3,-0.2,-0.4,-0.4,0.64,-0.11,-0.8,0.6,-0.7,0.4,0.5,0.11,0.36,0.56,-0.5,1.0,0.17,1.62,1.2,0.83,2.4,0.45,0.49,0.5
2011-02-01,0.5,0.0,0.7,0.3,0.5,0.4,0.5,0.52,0.75,0.6,0.54,0.1,0.3,0.6,1.17,0.61,0.58,0.4,1.2,1.12,-1.6,0.7,0.8,0.8,0.67,0.38,0.52
2011-03-01,0.5,0.3,0.3,1.1,0.8,0.6,0.5,0.5,1.14,0.7,0.44,0.7,0.4,0.43,0.63,0.55,0.51,0.3,-0.2,-0.03,0.0,0.4,0.79,0.6,1.22,0.19,0.51
2011-04-01,0.4,0.1,1.0,0.3,0.3,0.1,0.2,0.4,0.54,0.4,0.45,1.2,0.5,0.14,0.42,0.19,0.24,0.5,0.1,-0.11,0.54,0.1,0.77,0.4,0.33,-0.01,0.41
2011-05-01,0.2,0.0,0.2,0.67,0.1,0.0,0.0,0.25,0.07,0.2,0.16,0.0,0.1,0.11,0.1,0.05,0.33,-0.2,0.1,-0.29,0.54,0.2,0.47,0.5,0.44,-0.74,0.11
2011-06-01,-0.2,-0.2,-0.1,-0.7,0.1,-0.2,0.1,-0.28,-0.49,-0.2,0.07,-0.1,0.1,-0.16,-0.21,0.29,0.31,-0.4,0.3,0.13,1.07,0.2,0.15,0.2,0.43,0.0,0.09
2011-07-01,0.5,0.0,0.0,0.2,-0.4,-0.8,0.4,0.22,0.5,0.0,0.47,-0.5,0.3,0.47,-0.1,-0.28,0.11,-0.2,0.5,0.05,2.12,0.5,0.16,0.0,0.87,0.48,0.22
2011-08-01,0.4,0.1,0.6,0.3,0.5,-0.3,0.0,0.5,0.16,0.0,0.36,0.1,0.3,0.36,0.0,0.39,-0.08,-0.6,0.3,-0.05,0.52,0.7,0.37,-0.2,0.21,0.16,0.36
2011-09-01,0.3,0.0,0.6,0.2,-0.1,0.3,0.1,0.18,0.36,0.7,0.21,0.2,0.0,0.21,0.31,0.42,0.27,0.9,0.5,0.0,1.55,-0.1,0.53,0.0,0.43,0.25,0.21
2011-10-01,-0.1,0.1,0.1,0.2,0.2,-0.1,0.0,0.04,0.04,0.0,0.1,0.8,0.6,0.13,0.1,0.25,0.16,-0.1,0.1,0.18,0.51,-0.2,0.43,0.5,0.43,0.67,0.13
2011-11-01,0.0,-0.6,0.2,0.1,0.3,-0.2,0.0,0.12,-0.31,0.2,0.28,0.4,-0.1,0.42,-0.1,0.07,0.39,0.0,-0.2,0.7,0.51,0.1,0.52,0.4,0.32,1.08,0.34
2011-12-01,0.0,0.0,0.4,-0.6,0.4,-0.2,0.7,0.08,-0.25,0.2,0.24,0.1,0.4,0.46,0.0,-0.03,0.04,0.1,0.3,0.0,-1.0,0.4,0.5,0.4,0.11,0.82,0.35
2012-01-01,0.2,0.2,-0.5,0.4,-0.4,-0.4,-0.4,-0.24,-0.05,-0.9,0.04,-1.1,0.3,0.08,0.42,0.63,0.73,-0.2,1.5,-0.44,0.51,0.4,0.56,0.5,0.63,0.71,0.02
2012-02-01,0.4,0.2,0.6,0.4,0.4,0.3,0.7,0.5,0.76,0.7,0.48,0.1,0.4,0.46,1.14,0.55,0.59,1.0,-0.1,0.55,0.51,0.4,0.45,0.4,0.6,0.2,0.48
2012-03-01,0.3,0.5,0.3,0.4,0.8,0.6,0.3,0.42,1.14,0.3,0.19,0.7,0.5,0.18,0.51,0.38,0.21,-0.1,0.2,0.11,1.0,0.03,0.21,0.6,1.1,0.06,0.46
2012-04-01,0.0,0.1,0.6,0.4,0.1,0.1,0.2,0.26,0.41,0.2,0.27,1.4,0.5,0.19,0.0,0.35,0.07,0.1,-0.1,0.12,1.99,0.0,0.64,0.3,0.4,-0.31,0.2
2012-05-01,-0.3,-0.3,-0.1,-0.1,-0.1,0.0,-0.2,-0.14,-0.15,-0.1,-0.0,-0.1,0.0,-0.14,0.1,0.01,-0.03,0.0,-0.3,-0.17,0.49,0.2,0.36,0.5,0.1,-0.32,-0.04
2012-06-01,0.0,-0.5,-0.4,-0.4,0.0,-0.3,-0.1,-0.2,-0.48,-0.2,-0.02,-0.2,0.2,-0.06,-0.2,0.07,-0.23,-0.5,-0.6,0.42,0.97,-0.2,0.08,0.9,0.2,0.46,-0.22
2012-07-01,0.0,-0.3,0.1,-0.1,-0.4,-0.5,0.4,0.0,0.66,-0.4,0.12,-0.2,0.0,-0.02,0.0,-0.19,0.18,-0.5,0.1,0.28,1.92,-0.2,0.43,1.2,0.3,0.56,0.14
2012-08-01,0.6,0.1,0.5,0.2,0.7,0.0,0.4,0.36,0.12,0.1,0.5,0.6,0.4,0.36,0.31,0.19,0.44,-0.4,0.6,0.31,0.94,0.4,0.41,0.1,0.2,0.3,0.36
2012-09-01,0.6,0.1,0.4,0.2,-0.3,0.3,0.0,0.32,0.42,0.4,0.48,1.0,0.0,0.38,0.2,0.39,0.17,0.9,0.3,0.21,0.47,0.7,0.57,0.6,0.9,0.44,0.36
2012-10-01,0.1,0.0,0.5,0.2,0.1,0.1,0.0,0.14,0.59,-0.1,0.07,0.8,0.0,0.12,0.0,0.15,0.18,0.5,-0.1,-0.04,0.93,-0.1,0.59,0.5,0.6,0.51,0.26
2012-11-01,-0.3,-0.4,0.2,-0.2,-0.2,-0.3,-0.1,-0.12,-0.41,-0.2,-0.12,-0.1,-0.2,-0.2,-0.2,-0.33,0.01,0.1,0.1,0.03,0.46,-0.4,0.6,0.3,0.2,0.68,-0.1
2012-12-01,0.0,0.0,0.5,-0.57,0.3,-0.2,0.9,0.21,-0.13,0.3,0.46,0.1,0.2,0.19,-0.2,0.13,0.01,0.3,0.8,0.5,0.46,0.2,0.79,0.5,0.2,0.23,0.25
2013-01-01,0.0,0.1,-0.5,0.1,-0.5,-0.3,-0.5,-0.06,0.02,-0.8,0.15,-1.3,0.2,0.17,-0.41,-0.08,-0.02,-0.2,1.0,-0.37,0.91,0.6,0.86,1.0,0.3,0.4,0.32
2013-02-01,0.7,-0.2,0.7,1.15,0.3,0.3,0.6,0.69,0.79,0.4,0.59,0.2,0.1,0.68,1.12,0.59,0.32,0.7,1.1,0.14,0.9,0.3,0.6,0.6,1.0,0.49,0.77
2013-03-01,-0.2,0.2,0.3,0.2,0.8,0.2,0.5,0.2,1.07,0.4,-0.31,0.4,0.2,-0.09,0.3,0.46,0.14,0.3,-0.9,-0.53,0.45,-0.2,0.47,0.3,1.2,0.73,-0.16
2013-04-01,-0.4,0.3,0.2,-0.2,-0.2,0.0,-0.5,-0.08,0.09,-0.2,-0.01,0.4,0.0,-0.03,-0.2,0.15,-0.04,0.6,0.2,0.07,0.89,-0.1,0.55,0.5,0.4,0.07,-0.01
2013-05-01,0.1,0.1,0.2,0.2,0.1,0.1,0.4,0.32,0.02,0.2,-0.01,0.2,0.0,-0.01,0.1,0.02,0.15,0.1,-0.6,0.06,0.88,-0.1,0.37,0.7,-0.3,-0.33,0.12
2013-06-01,0.5,0.0,-0.2,0.0,0.2,0.1,0.1,0.13,-0.37,-0.2,0.06,0.1,0.3,0.06,-0.1,-0.06,0.17,-0.4,0.0,0.02,1.32,-0.1,0.26,0.4,0.3,-0.06,0.04
2013-07-01,0.2,0.2,0.0,0.1,-0.3,-0.4,0.5,0.06,0.84,-0.1,0.04,-0.5,0.0,0.04,-0.3,-0.02,0.11,0.4,0.1,-0.21,1.73,0.2,0.03,0.8,1.1,-0.03,0.09
2013-08-01,0.1,0.3,0.4,0.0,0.4,-0.1,0.0,0.22,-0.12,0.1,0.27,0.3,0.4,0.25,0.1,-0.16,-0.07,-0.1,0.5,0.04,0.85,0.3,0.24,0.1,0.3,0.28,0.22
2013-09-01,0.12,0.3,0.4,0.2,-0.2,0.3,0.0,0.38,0.05,0.4,0.39,-0.2,-0.3,0.4,0.3,0.35,0.06,0.5,0.8,0.41,0.42,0.2,0.35,0.2,0.5,0.38,0.45
2013-10-01,-0.1,0.1,0.1,-0.2,-0.1,-0.1,-0.2,-0.06,-0.28,-0.2,-0.07,0.4,-0.2,-0.09,0.1,0.14,-0.07,0.1,0.1,-0.25,1.26,-0.3,0.57,0.6,0.2,0.48,0.21
2013-11-01,0.0,0.0,0.1,0.0,0.0,0.0,0.2,0.02,-0.5,-0.1,0.04,0.2,-0.3,0.06,-0.2,-0.15,0.16,0.1,-0.1,0.22,0.83,-0.1,0.54,0.6,0.1,0.93,0.46
2013-12-01,0.3,0.1,0.4,-0.2,0.4,-0.2,0.4,0.22,0.05,0.3,0.26,0.1,0.2,0.16,-0.1,0.37,0.16,-0.1,0.3,0.19,-1.65,0.1,0.92,0.5,0.3,0.57,0.05
2014-01-01,0.1,-0.2,-0.6,0.3,-0.6,-0.3,-0.6,-0.14,-0.21,-1.2,0.25,-1.3,0.2,0.19,-0.1,-0.06,0.14,0.0,1.0,0.24,-0.84,0.5,0.55,0.6,0.7,0.89,0.36
2014-02-01,0.1,0.0,0.4,0.8,0.5,0.1,0.5,0.56,0.43,0.4,0.29,0.0,-0.1,0.41,0.61,0.25,0.16,0.5,0.5,0.17,0.42,0.3,0.69,0.7,1.1,0.25,0.55
2014-03-01,0.2,0.3,0.2,0.6,0.5,0.4,0.3,0.56,0.83,0.0,0.08,0.2,0.1,0.3,0.1,0.23,0.06,0.2,-0.5,0.3,0.42,0.18,0.92,1.0,1.3,0.27,0.62
2014-04-01,0.3,2.1,0.4,0.3,0.0,0.1,-0.2,0.32,0.46,0.4,0.13,0.9,0.2,0.23,0.2,0.15,-0.31,0.4,-0.3,0.16,1.26,0.1,0.67,0.9,0.5,-0.19,0.27
2014-05-01,0.4,0.4,-0.1,0.5,0.0,0.3,-0.1,0.14,-0.34,0.1,0.11,0.0,-0.1,0.05,-0.1,-0.25,-0.11,0.1,0.1,-0.04,0.83,0.2,0.46,0.9,0.2,-0.32,0.17
2014-06-01,0.3,-0.1,0.2,0.1,0.0,-0.1,0.3,0.11,-0.27,0.2,0.09,0.0,0.1,0.11,0.0,0.07,0.08,-0.2,-0.1,0.15,0.82,-0.1,0.4,0.6,0.3,0.17,0.32
2014-07-01,0.1,0.0,-0.3,-0.2,-0.3,-0.4,0.3,0.26,0.82,-0.3,-0.03,-0.9,-0.1,0.22,-0.2,-0.11,0.17,0.7,0.1,-0.13,2.44,0.1,0.01,0.5,0.8,0.28,0.7
2014-08-01,-0.2,0.2,0.4,0.0,0.4,0.0,0.0,0.04,-0.07,-0.1,0.19,0.2,0.2,0.27,-0.1,0.15,-0.38,-0.3,0.2,0.33,0.4,0.2,0.25,0.2,0.4,0.36,0.32
2014-09-01,0.1,0.2,0.0,0.1,-0.4,0.1,0.0,0.04,-0.02,0.2,0.1,0.2,-0.4,-0.08,0.3,0.54,-0.08,0.5,0.5,0.1,0.0,-0.1,0.57,0.7,0.0,0.44,0.17
2014-10-01,0.0,-0.3,0.1,0.1,0.0,0.0,-0.3,0.06,-0.12,0.1,-0.06,0.5,0.1,-0.08,0.1,-0.17,0.13,0.1,0.0,-0.18,0.0,-0.3,0.42,0.8,0.2,0.55,0.09
2014-11-01,-0.3,-0.4,-0.3,-0.4,-0.2,0.0,0.0,-0.18,-0.59,-0.1,-0.21,-0.1,-0.2,-0.33,-0.2,-0.19,-0.13,0.1,-0.2,-0.65,0.0,-0.2,0.51,1.3,0.0,0.81,0.02
2014-12-01,-0.4,0.1,0.0,-0.7,0.1,-0.5,0.0,-0.2,-0.2,0.2,0.16,-0.6,0.0,-0.04,-0.2,-0.13,-0.11,0.0,0.3,-0.08,0.0,0.0,0.78,2.6,-0.2,0.49,-0.02
2015-01-01,-0.7,-0.2,-0.9,-0.2,-1.0,-0.4,-1.1,-0.6,-0.91,-1.1,0.03,-1.6,-0.4,-0.77,-0.6,-0.69,-0.13,-0.1,0.3,-0.84,0.4,0.5,1.24,3.9,-0.2,-0.09,-0.4
2015-02-01,0.2,-0.2,0.3,0.9,0.7,-0.3,0.9,0.64,0.55,0.7,0.28,0.2,0.4,0.41,1.01,0.25,0.41,0.4,1.2,0.01,-0.39,0.0,1.22,2.2,0.6,0.19,0.48
2015-03-01,0.2,0.3,0.2,0.7,0.7,0.3,0.5,0.61,1.07,0.1,0.63,0.6,0.1,0.61,0.4,0.33,0.06,0.3,-0.5,0.55,0.4,0.0,1.32,1.2,1.4,0.41,0.6
2015-04-01,0.1,0.5,0.2,-0.1,0.1,-0.2,0.0,0.22,0.64,0.0,0.41,0.9,0.2,0.39,0.1,-0.01,0.38,0.4,-0.2,-0.13,0.79,0.1,0.71,0.5,0.9,-0.26,0.17
2015-05-01,0.4,0.2,0.2,0.6,0.2,0.2,0.1,0.15,0.22,0.3,0.27,0.5,0.1,0.26,0.1,-0.08,0.16,0.2,-0.2,0.06,0.78,0.3,0.74,0.4,0.3,-0.5,0.2
2015-06-01,0.3,-0.2,0.0,0.2,-0.1,0.1,-0.1,0.18,-0.38,-0.3,0.41,0.3,0.1,0.04,-0.1,0.0,0.15,0.3,0.0,0.17,1.16,0.0,0.79,0.2,0.4,0.17,0.21
2015-07-01,0.1,-0.2,-0.2,0.1,-0.4,-0.6,0.2,0.25,0.77,0.0,-0.02,-0.9,-0.1,-0.06,-0.1,-0.22,0.0,-0.1,0.3,-0.78,0.77,0.2,0.62,0.8,1.0,0.15,0.13
2015-08-01,-0.1,0.1,0.2,0.0,0.3,-0.2,0.0,0.1,-0.31,-0.2,0.16,-0.3,0.2,0.15,-0.2,0.18,0.07,-0.1,0.5,0.09,0.38,0.2,0.22,0.4,0.0,0.21,0.12
2015-09-01,-0.2,0.1,-0.1,-0.2,-0.4,0.1,-0.2,-0.07,-0.19,0.4,0.01,-0.3,-0.4,0.08,0.2,0.14,0.07,0.6,0.1,0.15,0.76,-0.2,0.54,0.6,0.0,0.37,-0.03
2015-10-01,0.2,0.0,0.1,0.1,0.1,0.1,0.0,0.17,-0.09,0.1,0.05,0.6,0.2,0.11,-0.1,0.16,0.35,0.4,-0.3,0.25,1.13,0.0,0.82,0.7,0.3,0.51,0.35
2015-11-01,0.0,-0.4,0.0,-0.1,-0.2,-0.1,0.1,0.07,-0.56,-0.2,-0.1,0.4,-0.4,-0.02,-0.2,-0.18,0.11,0.4,0.0,-0.11,0.37,-0.1,1.01,0.8,0.1,0.55,0.29
2015-12-01,-0.1,0.0,0.1,-0.5,0.2,-0.4,-0.1,0.02,-0.12,0.1,0.06,-0.3,0.0,-0.08,-0.1,-0.12,-0.13,-0.4,0.5,-0.2,-0.37,0.3,0.96,0.8,0.3,0.41,0.06
2016-01-01,0.0,-0.3,-0.8,0.2,-1.0,-0.4,-0.8,-0.13,-1.02,-0.3,-0.16,-1.9,-0.2,-0.13,-0.4,-0.42,0.11,0.6,0.5,-0.22,0.0,0.0,1.27,1.0,0.8,0.38,0.23
2016-02-01,-0.2,0.1,0.2,0.2,0.3,0.2,0.4,0.29,0.6,0.3,0.44,-0.4,-0.2,0.61,0.7,0.13,0.06,0.5,1.6,0.5,-0.74,0.5,0.9,0.6,1.4,0.44,0.61
2016-03-01,0.1,0.1,0.4,0.6,0.7,0.3,0.8,0.21,1.02,0.5,0.08,0.6,0.2,0.25,0.1,0.38,0.91,0.5,-0.4,0.18,0.37,-0.3,0.43,0.5,0.8,0.15,0.29
2016-04-01,0.4,0.2,0.1,0.3,0.1,0.3,-0.4,0.09,0.09,0.0,0.15,0.7,-0.1,-0.01,0.1,0.29,0.18,0.3,-0.2,0.27,1.12,0.1,0.61,0.4,0.8,-0.32,0.23
2016-05-01,0.2,0.1,0.2,0.4,0.4,0.1,0.3,0.05,0.18,0.2,0.02,0.5,0.3,-0.13,0.2,-0.03,0.32,0.3,-0.5,0.08,1.48,0.0,0.78,0.4,0.2,-0.45,0.05
2016-06-01,0.2,-0.1,0.2,0.2,0.1,0.1,0.1,0.09,-0.32,0.1,-0.02,0.5,0.1,0.13,0.1,0.05,0.11,0.6,-0.1,-0.08,0.73,0.0,0.35,0.4,0.6,0.11,0.17
2016-07-01,0.0,-0.2,-0.1,-0.2,-0.4,-0.4,0.3,0.11,0.5,0.1,0.32,-0.7,0.2,0.13,-0.1,-0.07,0.12,0.6,0.2,0.2,1.08,0.1,0.52,0.5,0.8,0.26,0.23
2016-08-01,0.2,0.0,0.3,-0.2,0.3,-0.1,0.0,0.08,0.12,-0.1,0.05,0.1,0.2,-0.01,-0.3,0.05,-0.05,-0.5,0.1,-0.23,-0.71,-0.1,0.44,0.0,-0.1,0.28,-0.02
2016-09-01,0.3,0.2,0.2,0.1,-0.2,0.1,0.1,0.36,-0.31,0.2,0.3,0.0,-0.2,0.44,0.0,0.17,-0.21,0.3,0.7,0.09,-0.36,0.6,0.08,0.2,0.2,0.61,0.34
2016-10-01,0.4,0.6,0.1,0.2,0.0,0.1,0.2,0.29,0.26,0.3,0.25,1.1,-0.1,0.27,0.2,0.21,0.29,0.5,-0.1,0.5,0.36,0.14,0.26,0.4,0.5,0.61,0.37
2016-11-01,0.2,0.0,0.2,-0.4,0.0,-0.2,0.1,-0.01,-0.34,0.0,0.09,0.4,-0.1,0.11,-0.1,0.02,0.07,0.2,0.1,0.29,-0.36,-0.15,0.18,0.4,0.3,0.78,0.16
2016-12-01,0.3,-0.2,0.5,-0.2,0.3,-0.1,0.7,0.22,0.22,0.5,0.16,0.6,0.4,0.22,0.0,0.25,0.13,-0.5,0.2,-0.11,-0.72,0.11,0.3,0.4,0.4,0.46,0.13
2017-01-01,0.6,-0.2,-0.5,0.9,0.1,0.0,-0.6,0.5,-0.36,-0.7,0.34,-0.5,0.3,0.32,0.0,-0.6,0.71,-0.1,1.0,-0.2,-0.36,0.9,0.38,0.6,0.6,1.7,0.78
2017-02-01,0.1,-0.1,0.7,0.2,0.1,0.5,0.6,0.48,0.74,0.7,0.19,-0.4,0.4,0.41,0.8,0.51,0.37,0.4,-0.2,0.65,0.0,0.3,0.33,0.2,1.1,0.58,0.57
2017-03-01,-0.3,0.1,0.4,0.2,0.6,0.2,0.2,0.1,0.35,0.0,-0.06,0.0,0.0,0.0,0.1,-0.01,0.23,0.3,-0.3,-0.3,0.36,0.0,0.25,0.1,0.6,0.61,0.22
2017-04-01,0.2,0.4,0.5,0.4,0.1,0.2,0.0,0.22,0.53,0.6,0.14,1.0,0.4,0.1,0.2,0.31,0.17,0.2,0.1,-0.02,0.73,-0.1,0.14,0.3,0.1,0.12,0.1
2017-05-01,-0.1,0.1,0.3,0.1,0.0,0.2,-0.2,0.1,-0.32,0.1,-0.07,-0.1,-0.2,0.04,-0.1,-0.16,-0.09,0.2,-0.1,0.08,0.36,0.1,0.31,0.4,0.3,-0.12,0.05
2017-06-01,0.0,-0.1,0.0,-0.1,0.0,-0.1,0.2,0.0,-0.28,0.1,-0.04,0.0,-0.1,-0.02,-0.1,0.08,-0.15,0.4,-0.2,0.12,0.72,-0.1,-0.23,0.6,0.2,0.25,0.05
2017-07-01,0.1,-0.2,-0.1,0.0,-0.3,-0.3,0.4,0.08,0.73,0.5,0.48,-0.7,0.1,0.16,0.79,-0.29,0.3,0.3,0.1,0.21,1.79,0.2,0.24,0.1,0.3,0.38,0.24
2017-08-01,0.4,0.2,0.6,0.1,0.5,0.0,0.1,0.34,0.16,-0.2,0.4,0.2,0.3,0.24,-0.29,0.26,0.07,-0.8,0.4,-0.01,0.0,0.6,0.19,-0.5,0.1,0.49,0.32
2017-09-01,0.5,0.2,0.3,0.2,-0.2,0.2,0.1,0.32,-0.23,0.1,0.24,0.2,-0.3,0.28,0.1,0.21,-0.1,0.6,0.5,0.09,0.0,0.1,0.16,-0.1,0.5,0.31,0.3
2017-10-01,0.1,0.0,0.1,0.1,0.1,0.1,0.0,0.08,0.14,-0.1,0.22,0.9,-0.2,0.14,0.1,-0.02,0.29,0.1,0.1,0.38,0.7,-0.2,0.42,0.2,0.3,0.63,0.36
2017-11-01,0.4,0.4,0.3,0.3,0.1,-0.1,0.3,0.08,-0.17,0.2,0.15,0.5,-0.2,0.08,-0.29,0.25,0.13,0.1,0.0,0.71,0.35,-0.7,0.28,0.2,0.1,1.03,0.08
2017-12-01,0.1,0.7,0.4,-0.4,0.3,0.0,0.6,0.24,-0.03,0.4,0.04,0.0,0.4,0.32,-0.3,-0.04,0.19,0.0,0.3,0.18,-0.69,0.3,0.44,0.4,0.5,0.59,0.12
2018-01-01,0.5,0.4,-0.5,0.7,-0.1,-0.1,-0.7,0.04,-0.15,-0.8,0.39,-1.1,0.3,0.33,-0.3,-0.3,0.29,-0.1,0.6,-0.23,0.7,0.4,0.29,0.3,0.3,0.53,0.35
2018-02-01,0.2,0.1,0.4,0.6,0.0,0.4,0.5,0.48,0.48,0.7,0.56,0.1,0.0,0.56,0.69,0.31,0.15,0.9,1.2,0.22,-0.35,0.8,0.32,0.2,0.8,0.38,0.64
2018-03-01,-0.1,-0.4,0.1,0.3,1.0,0.4,0.4,0.15,0.16,0.3,-0.23,0.1,0.3,-0.19,0.0,0.21,0.14,0.3,-1.1,0.07,0.0,-0.1,0.09,0.3,0.4,0.32,-0.17
2018-04-01,0.2,-0.4,0.4,0.3,0.2,0.2,0.0,0.34,0.62,0.4,0.24,0.8,0.1,0.11,0.49,0.25,0.3,0.4,-0.2,0.17,0.35,0.1,0.22,0.4,0.8,-0.34,0.21
2018-05-01,0.2,0.1,0.4,0.1,0.4,0.4,0.5,0.28,0.3,0.2,0.03,0.9,0.3,-0.01,0.2,0.11,0.21,0.1,-0.2,-0.26,0.35,0.1,0.4,0.4,0.2,-0.16,0.01
2018-06-01,0.1,0.1,0.0,0.1,0.0,0.0,0.1,-0.02,-0.31,0.2,-0.05,0.3,0.2,-0.05,-0.1,0.23,0.1,0.6,-0.1,0.28,0.69,-0.2,1.26,0.5,0.4,0.39,-0.05
2018-07-01,0.2,0.3,0.0,0.5,-0.1,-0.2,0.3,0.35,1.14,0.5,0.38,-0.7,0.3,0.52,0.78,-0.09,0.38,0.7,0.3,0.27,3.44,0.2,0.33,0.3,0.8,0.54,0.36
2018-08-01,0.2,0.5,0.7,-0.1,0.5,0.0,0.1,0.28,0.12,-0.2,0.41,0.1,0.4,0.27,-0.39,0.15,0.14,-0.4,0.7,0.04,0.0,0.5,-0.09,0.0,-0.1,0.58,0.25
2018-09-01,0.1,0.0,0.1,-0.4,-0.2,0.1,0.4,-0.17,-0.43,0.5,0.29,0.2,-0.5,0.39,-0.29,0.21,0.0,0.6,0.7,0.14,0.0,0.7,0.48,0.2,0.5,0.42,0.32
2018-10-01,0.3,0.2,0.1,0.3,0.1,0.2,0.2,0.23,0.36,-0.1,0.01,0.9,0.0,0.05,0.29,0.24,0.73,-0.2,0.2,-0.16,0.33,-0.2,0.45,0.4,0.5,0.52,0.14
2018-11-01,0.0,-0.2,0.2,-0.4,-0.2,-0.3,0.1,-0.13,-0.24,-0.1,-0.28,-0.1,-0.1,-0.37,-0.29,-0.02,0.16,0.5,-0.3,-0.39,0.0,-0.7,-0.21,0.5,0.2,0.85,-0.37
2018-12-01,-0.1,-0.2,0.2,-0.1,0.0,-0.3,0.1,-0.02,-0.1,0.4,-0.08,-0.4,-0.1,-0.16,-0.29,-0.12,-0.24,0.0,0.0,-0.29,-0.33,-0.3,0.15,0.8,-0.2,0.7,-0.16
2019-01-01,0.0,0.3,-0.8,0.1,-0.5,-0.3,-0.8,-0.22,0.08,-1.0,-0.21,-1.3,0.1,-0.09,0.2,-0.39,-0.05,-0.5,0.5,-0.14,1.99,-0.1,0.32,1.0,-0.2,0.09,-0.09
2019-02-01,0.2,0.0,0.5,0.7,0.1,0.4,0.4,0.52,0.88,0.7,0.5,0.2,0.1,0.56,0.49,0.48,0.35,0.8,1.0,0.51,0.0,0.4,0.43,0.4,0.8,-0.03,0.56
2019-03-01,0.4,0.0,0.2,0.7,0.8,0.5,0.4,0.52,0.38,0.2,0.02,0.4,0.3,0.22,0.1,0.07,0.3,0.2,-0.4,0.1,0.65,-0.2,0.75,0.3,0.8,0.39,0.22
2019-04-01,0.3,0.1,0.6,0.4,0.3,0.2,1.0,0.43,0.67,0.7,0.37,1.0,0.2,0.31,0.29,0.58,0.06,0.4,0.1,0.15,0.97,0.4,0.57,0.3,0.6,0.05,0.31
2019-05-01,0.1,0.0,0.3,0.4,0.8,0.3,0.2,0.27,-0.13,0.3,0.15,0.2,0.0,0.27,-0.1,-0.17,0.02,-0.3,0.0,0.06,0.64,0.2,0.13,0.3,0.3,-0.29,0.27
2019-06-01,0.1,0.0,0.0,-0.2,0.3,0.0,0.3,0.04,-0.09,-0.1,0.01,-0.1,0.1,-0.01,-0.19,0.07,0.06,0.1,-0.1,0.04,0.64,-0.2,0.01,0.0,0.4,0.06,0.09
2019-07-01,0.3,0.1,0.0,0.5,-0.2,-0.5,0.5,0.14,1.0,0.4,0.12,-0.6,0.0,0.06,0.58,-0.27,0.08,0.7,0.4,0.01,0.95,-0.3,0.19,0.2,0.4,0.38,0.06
2019-08-01,0.1,0.0,0.4,-0.1,0.5,0.0,-0.2,0.17,0.44,-0.4,0.33,-0.1,0.4,0.09,-0.39,0.41,0.02,-0.7,0.7,-0.07,0.31,0.2,0.11,-0.2,0.3,-0.02,0.23
2019-09-01,0.0,0.0,0.1,-0.4,-0.3,-0.1,0.0,-0.18,-0.62,0.5,0.24,0.0,-0.6,0.32,-0.19,0.04,-0.46,0.5,0.9,0.42,0.62,0.4,-0.04,-0.2,0.3,0.26,0.4
2019-10-01,0.4,0.0,-0.2,0.3,0.0,-0.2,0.1,0.1,0.43,0.0,0.2,1.0,-0.1,0.24,0.39,0.08,0.36,0.2,0.9,-0.35,0.93,0.2,0.1,-0.2,0.0,0.54,0.11
2019-11-01,0.3,0.2,0.2,-0.1,-0.1,-0.1,-0.8,-0.1,-0.4,0.1,0.04,0.2,-0.2,-0.1,-0.19,-0.1,0.06,0.3,0.4,-0.09,0.92,-0.6,0.51,0.3,0.1,0.81,0.0
2019-12-01,0.2,0.1,0.0,0.0,0.5,0.0,0.5,0.15,0.07,0.4,0.15,-0.1,0.2,0.14,-0.19,0.13,0.13,-0.3,0.0,0.25,0.61,0.2,1.15,0.4,0.3,0.56,0.17
2020-01-01,0.1,0.0,-0.3,0.3,-0.4,-0.2,-0.6,-0.22,-0.78,-1.4,0.44,-1.0,0.1,0.29,0.1,-0.32,0.6,0.0,1.4,0.11,0.0,0.6,0.21,0.4,0.3,0.48,0.33
2020-02-01,0.1,-0.1,0.4,0.4,0.0,0.1,0.4,0.31,0.63,0.5,0.27,-0.1,-0.1,0.35,0.58,0.34,0.02,-0.1,0.8,-0.19,-0.61,0.0,0.25,0.3,1.0,0.42,0.23
2020-03-01,-0.4,0.0,0.0,-0.6,-0.1,0.1,0.1,-0.05,0.2,-0.2,-0.29,-0.4,0.1,0.02,-0.29,-0.17,0.16,0.0,-1.2,-0.25,-0.61,-0.2,0.07,0.6,0.3,-0.05,-0.03
2020-04-01,-0.8,-0.2,-0.2,-0.7,0.0,-0.4,0.4,-0.34,0.46,-0.3,-0.54,0.3,0.1,-0.4,-0.1,-0.34,0.16,0.4,-0.9,-0.72,0.92,-0.6,-0.31,0.8,-0.5,-1.01,-0.28
2020-05-01,-0.1,0.0,0.0,0.3,0.1,0.0,-0.1,0.09,-0.15,0.6,-0.32,0.0,-0.2,-0.16,-0.1,-0.02,0.07,0.2,-0.8,-0.12,0.3,-0.2,-0.38,0.3,-0.6,0.38,-0.18
2020-06-01,0.6,0.1,0.1,0.8,0.1,0.0,0.6,0.34,0.31,0.6,0.22,0.5,0.1,0.26,0.1,0.19,0.06,0.2,-0.1,0.39,0.61,0.2,0.26,0.2,0.5,0.55,0.36
2020-07-01,0.6,0.2,0.4,0.0,0.4,-0.2,-0.5,0.22,1.1,0.2,0.49,-0.9,-0.2,0.32,0.78,0.36,0.22,0.7,0.6,0.17,1.2,0.0,0.36,0.4,1.3,0.66,0.27
2020-08-01,0.4,-0.1,-0.4,-0.1,-0.1,0.0,-0.1,-0.06,-0.52,-0.1,0.26,0.0,0.3,0.04,-0.38,0.02,0.06,-0.4,0.4,0.18,0.6,0.6,0.24,0.0,0.2,0.39,0.16
2020-09-01,0.2,-0.1,0.4,-0.1,-0.5,0.0,-0.2,-0.02,-0.23,0.1,0.14,0.2,-0.7,0.12,-0.1,0.0,-0.37,0.4,0.2,0.1,0.64,0.7,0.64,-0.1,0.2,0.23,0.06
2020-10-01,0.0,-0.1,0.0,0.4,0.0,0.0,0.1,0.1,0.55,-0.1,-0.14,0.5,0.2,-0.04,0.19,0.1,0.2,0.3,-0.3,-0.08,1.19,-0.6,0.86,0.4,0.3,0.61,-0.06
2020-11-01,0.2,-0.4,-0.1,0.1,0.2,-0.2,-0.8,0.08,-0.79,0.0,-0.03,0.2,-0.1,0.0,-0.1,-0.07,-0.16,-0.7,-0.6,0.35,0.33,-0.1,0.89,0.7,0.0,0.08,-0.07
2020-12-01,0.4,-0.3,0.3,-0.2,0.2,-0.1,0.5,0.42,0.22,0.7,0.29,0.2,0.2,0.32,-0.19,0.14,0.03,0.4,0.7,0.17,-0.92,0.2,1.35,0.8,0.2,0.38,0.25
2021-01-01,0.3,0.6,-0.2,0.6,0.1,0.1,0.8,0.08,-0.21,-0.4,0.54,0.0,0.7,0.12,0.19,0.34,0.44,1.1,1.0,0.51,-0.51,0.8,0.25,0.7,0.3,0.86,0.5
2021-02-01,0.4,0.1,0.1,0.5,0.0,0.2,0.7,0.26,0.88,0.3,0.34,-0.6,0.1,0.32,0.58,0.36,0.22,0.7,0.6,-0.08,0.68,0.5,0.86,0.8,0.7,0.63,0.36
2021-03-01,0.6,0.2,0.3,0.5,0.6,0.3,0.5,0.5,0.28,0.2,0.17,1.0,0.3,0.2,0.1,0.24,0.27,-0.3,-0.5,0.34,0.5,0.1,0.93,0.7,0.7,0.83,0.46
2021-04-01,0.8,-0.4,0.6,0.5,0.1,0.2,0.7,0.46,0.45,0.2,0.1,1.2,0.4,0.38,0.38,0.37,0.33,0.3,-0.3,0.2,0.42,0.2,0.31,0.6,0.7,0.33,0.45
2021-05-01,0.6,0.3,0.6,0.5,0.3,0.3,0.5,0.32,0.09,0.2,0.18,0.5,0.0,0.19,0.19,0.15,0.15,-0.1,-0.2,0.27,0.42,0.1,0.83,0.7,0.1,0.2,0.2
2021-06-01,0.9,0.3,0.5,0.3,0.1,0.1,0.4,0.22,0.19,0.1,0.07,0.5,0.1,0.25,0.1,-0.06,0.23,0.3,-0.4,-0.2,0.91,-0.1,0.53,0.7,0.2,0.53,0.18
2021-07-01,0.5,0.2,0.0,0.6,0.1,-0.1,0.9,0.3,0.51,0.3,0.51,-0.8,0.5,0.47,0.67,0.33,0.85,0.9,0.3,0.08,0.9,0.2,0.96,0.3,1.1,0.59,0.66
2021-08-01,0.3,-0.2,0.7,0.2,0.6,0.2,0.0,0.48,0.44,0.5,0.48,0.5,0.4,0.42,-0.19,0.24,0.52,0.0,0.1,0.31,0.16,0.6,0.87,0.2,0.4,0.19,0.36
2021-09-01,0.4,0.4,0.3,0.2,-0.2,0.0,0.0,0.36,0.07,0.5,0.16,0.8,-0.2,0.13,0.28,0.31,-0.25,1.0,0.0,0.51,0.24,0.5,1.16,0.6,0.2,0.62,0.42
2021-10-01,0.9,-0.3,1.1,0.7,0.4,0.3,0.5,0.62,1.25,0.2,0.5,1.8,0.7,0.67,0.95,0.75,1.47,-0.3,0.7,-0.06,1.3,0.1,1.25,1.1,0.2,0.84,0.94
2021-11-01,0.8,0.3,0.7,0.2,0.4,0.0,-0.2,0.54,0.88,0.5,0.45,0.3,0.6,0.64,0.28,0.45,1.25,0.8,0.4,0.56,0.64,0.4,0.95,1.0,0.5,1.14,0.71
2021-12-01,0.5,0.1,0.5,-0.1,0.2,-0.1,0.5,0.52,0.74,1.3,0.19,1.2,0.4,0.45,-0.47,-0.07,0.1,0.7,-0.3,-0.06,-0.24,0.2,0.73,0.8,0.6,0.36,0.43
2022-01-01,0.6,0.1,-0.1,0.9,0.3,0.2,0.4,-0.06,0.46,-0.5,0.28,-0.4,1.6,0.49,1.41,1.22,2.23,-0.9,0.4,0.42,-0.24,0.6,0.54,1.0,0.2,0.59,0.02
2022-02-01,0.8,0.4,0.8,1.0,0.8,0.7,0.9,0.92,0.65,0.9,0.62,0.8,0.9,0.88,1.02,0.51,0.63,1.1,0.6,0.34,-0.08,0.6,1.01,1.2,0.6,0.83,0.62
2022-03-01,1.2,0.4,1.1,1.4,1.4,0.6,2.5,0.94,3.63,1.8,1.35,3.0,1.0,2.07,0.64,1.45,0.52,0.6,0.0,0.74,0.8,0.7,1.62,7.6,1.0,0.99,1.08
2022-04-01,0.3,0.2,2.5,0.6,0.4,0.4,0.8,1.04,0.29,0.6,0.46,-0.2,-0.1,0.4,1.64,0.32,0.33,1.2,0.4,0.39,1.35,0.7,1.06,1.6,0.6,0.54,0.68
2022-05-01,1.0,0.2,0.7,1.4,0.7,0.7,0.9,0.86,-0.63,1.0,0.24,0.8,0.8,0.53,0.9,1.31,0.77,0.2,-0.2,0.32,1.02,0.7,0.47,0.1,0.7,0.18,0.53
2022-06-01,1.3,0.0,0.8,0.7,0.7,0.5,0.1,1.02,0.0,1.4,0.52,1.9,1.2,0.56,0.8,0.72,0.85,0.9,0.0,0.11,0.16,0.6,0.67,-0.4,1.1,0.84,0.73
2022-07-01,0.0,0.5,0.6,0.1,0.3,0.0,0.9,0.42,2.12,0.1,1.04,-0.3,0.4,0.8,1.14,0.33,0.83,1.3,0.5,0.2,0.54,0.5,-0.68,-0.4,1.5,0.74,0.65
2022-08-01,0.1,0.5,0.5,-0.3,0.5,0.3,0.3,0.38,1.96,1.8,0.36,0.3,0.8,0.89,0.0,0.08,0.81,-0.2,-0.1,-0.15,0.23,-0.1,-0.36,-0.5,0.2,0.7,0.57
2022-09-01,0.4,0.3,0.5,0.1,-0.6,-0.2,1.9,0.54,2.37,1.4,0.62,-0.7,0.3,1.07,1.31,0.78,0.96,1.4,0.3,0.03,0.84,0.3,-0.29,0.1,0.1,0.62,0.65
2022-10-01,0.4,0.6,2.0,0.7,1.0,0.1,0.9,0.8,1.07,0.2,0.4,0.3,3.4,0.63,1.03,0.93,2.37,0.3,0.1,0.12,0.91,0.3,0.59,0.2,0.4,0.57,0.56
2022-11-01,0.1,0.3,0.4,0.1,0.3,0.0,-0.5,-0.43,-3.04,1.0,-0.59,-0.1,0.5,-0.61,-0.85,1.22,0.23,-0.2,-0.2,0.07,0.0,-0.1,0.41,0.4,0.3,0.58,-0.51
2022-12-01,-0.1,0.3,0.4,-0.6,-0.1,-0.2,-0.8,0.09,0.47,2.1,0.28,0.2,0.3,0.01,-0.6,-0.07,-0.16,0.1,0.0,0.33,-0.15,0.2,0.62,0.8,0.4,0.38,0.06
2023-01-01,0.5,0.4,-0.6,0.5,0.4,0.6,1.0,-0.12,-1.38,-1.1,0.1,-0.2,0.1,-0.14,0.43,0.57,0.09,0.2,0.8,0.39,0.38,0.8,0.53,0.8,-0.1,0.68,0.14
2023-02-01,0.4,-0.6,1.1,0.4,1.1,0.7,0.8,0.46,1.01,1.1,-0.3,0.9,0.2,0.3,0.94,0.84,-0.7,0.4,-0.5,0.17,-0.08,0.3,0.84,0.5,0.7,0.56,0.2
2023-03-01,0.1,0.3,0.8,0.5,0.7,0.2,0.8,0.6,0.22,0.6,-0.3,0.4,-0.4,0.3,-0.17,0.65,0.57,0.8,-0.3,0.27,0.45,0.2,0.71,0.4,1.0,0.27,0.2
2023-04-01,0.4,0.6,1.2,0.7,0.6,0.0,0.4,0.79,1.03,0.5,-0.3,0.6,0.4,0.3,0.26,0.31,0.67,1.1,-0.1,0.42,0.68,0.2,0.61,0.4,0.4,-0.02,0.2
2023-05-01,0.1,0.0,0.7,0.4,-0.1,0.3,-0.1,0.22,0.2,0.3,-0.3,0.0,0.3,0.3,-1.4,0.3,0.38,0.5,-0.2,-0.11,0.37,0.3,0.23,0.3,0.2,-0.22,0.2
2023-06-01,0.2,0.2,0.1,0.1,0.2,0.1,0.3,0.08,-0.3,1.1,0.2,0.6,0.0,0.5,0.3,0.2,-0.15,0.6,-0.2,-0.08,1.26,0.0,-0.08,0.4,0.2,0.1,0.2
2023-07-01,0.2,0.4,-0.4,0.6,0.1,-0.1,0.3,0.26,1.0,0.0,0.0,0.2,0.0,-0.2,1.8,0.5,0.81,0.4,0.2,0.16,2.42,0.1,0.12,0.6,0.9,0.48,0.1
2023-08-01,0.6,0.2,0.3,0.4,1.0,0.2,0.3,0.46,0.4,0.1,0.0,0.5,0.3,0.9,-0.7,-0.7,0.76,-0.8,0.3,0.18,-0.36,1.0,0.23,0.3,0.3,0.55,0.2
2023-09-01,0.4,0.3,0.5,-0.1,-0.5,-0.1,0.3,0.08,-0.4,0.5,0.4,0.2,0.2,0.5,-0.3,0.7,0.34,-0.1,0.2,0.34,-1.22,0.6,0.26,0.9,0.6,0.44,0.1
2023-10-01,0.0,0.3,0.0,0.1,0.1,0.1,0.0,0.0,0.4,0.2,1.0,0.3,-0.2,0.2,0.3,0.3,0.34,1.0,-0.1,0.33,0.65,0.3,0.24,0.8,0.9,0.38,0.1
2023-11-01,0.1,0.3,-0.2,0.1,-0.2,-0.2,-0.4,-0.24,-1.0,0.3,0.0,-0.3,-0.5,-0.2,-0.3,-0.3,0.17,0.5,-0.5,-0.07,0.51,-0.6,0.28,1.1,-0.1,0.64,0.1
2023-12-01,0.3,0.3,0.4,-0.3,0.1,0.0,0.1,0.1,0.0,0.7,0.1,0.0,0.2,0.4,-0.5,0.3,0.43,0.1,0.1,0.29,-0.22,0.0,0.56,0.7,0.0,0.71,0.2
